-- EXACT DATABASE DUMP FROM CURRENT REPLIT ENVIRONMENT
-- Generated: August 7, 2025
-- This is an "as is" dump that matches the exact current database structure and data

-- =====================================================
-- APPLICATIONS TABLE DATA
-- =====================================================
INSERT INTO applications (id, audit_name, name, ci_id, start_date, end_date, settings, created_at, enable_followup_questions, status) VALUES
(3, 'Stark G4 Q2CA2025', 'Stark G4', 'CI21324354', '2024-01-01', '2025-07-21', NULL, '2025-07-21 11:43:51.201338', true, 'Completed'),
(4, 'Q2 2025 Financial Systems Audit', 'Financial Systems Q2', 'CI12345001', '2025-04-01', '2025-06-30', '{"audit_type": "financial", "priority": "high", "lead_auditor": "Sarah Johnson"}', '2025-07-22 03:35:29.696396', true, 'In Progress'),
(5, 'Security Compliance Review 2025', 'Security Compliance', 'CI12345002', '2025-01-01', '2025-12-31', '{"audit_type": "security", "priority": "critical", "lead_auditor": "Mike Chen"}', '2025-07-22 03:35:29.696396', true, 'In Progress'),
(6, 'Infrastructure Assessment H1', 'Infrastructure H1', 'CI12345003', '2025-01-01', '2025-06-30', '{"audit_type": "infrastructure", "priority": "medium", "lead_auditor": "Lisa Rodriguez"}', '2025-07-22 03:35:29.696396', false, 'In Progress'),
(7, 'CA-2025-Q2-IMPALA2', 'Impala 2.0 Clinical IRT', 'CI123321', '2024-01-05', '2025-08-05', NULL, '2025-08-05 04:41:02.724854', true, 'In Progress'),
(8, 'Impala2-CA-Q22025', 'Impala2', 'CI21324354', '2024-01-01', '2025-08-01', NULL, '2025-08-05 04:54:15.636378', true, 'In Progress'),
(9, 'CA-2025-Q2-IMP', 'IMPALA2.0', 'CI21324354', '2025-08-01', '2025-08-30', NULL, '2025-08-06 03:50:23.961888', true, 'In Progress');

-- =====================================================
-- TOOL CONNECTORS TABLE DATA
-- =====================================================
INSERT INTO tool_connectors (id, application_id, ci_id, connector_type, configuration, status, created_at, connector_name) VALUES
(1, 3, 'CI21324354', 'SQL Server DB', '{"server": "sql-prod-01.company.com", "database": "AuditDB", "port": 1433, "connection_timeout": 30, "query_timeout": 300, "ssl_enabled": true, "demo_mode": true, "description": "Primary SQL Server database for user accounts and audit logs"}', 'active', '2025-07-22 03:26:21.226788', 'SQL Server DB'),
(2, 4, 'CI12345001', 'SQL Server DB', '{"server": "test-server.company.com", "port": 1433, "database": "TestDB"}', 'failed', '2025-07-22 03:35:32.861603', 'SQL Server DB'),
(3, 4, 'CI12345001', 'ServiceNow', '{"instance": "pf.servicenow.com", "endpoint": "api/v2", "username": "Zcscsd", "password": "adscsdv"}', 'failed', '2025-07-22 03:37:30.526774', 'ServiceNow'),
(5, 3, 'CI21324354', 'Gnosis Document Repository', '{"base_url": "https://gnosis.company.com/api/v2", "search_endpoint": "/documents/search", "auth_type": "oauth2", "max_results": 100, "content_types": ["policy", "procedure", "standard", "guideline"], "demo_mode": true, "description": "Document management system for policies and procedures"}', 'active', '2025-07-22 10:55:24.679426', 'Gnosis Document Repository'),
(13, 3, 'CI21324354', 'Oracle DB', '{"server": "oracle-erp-01.company.com", "database": "ERPDB", "port": 1521, "service_name": "ERPDB.company.com", "connection_pool_size": 10, "ssl_enabled": true, "demo_mode": true, "description": "Oracle ERP database for financial transactions and compliance data"}', 'active', '2025-07-22 10:59:57.012824', 'Oracle DB'),
(16, 3, 'CI21324354', 'QTest', '{"base_url": "https://qtest.company.com/api/v3", "project_id": 12345, "test_suites": ["Security", "Compliance", "Integration"], "automation_enabled": true, "report_formats": ["json", "xml", "html"], "demo_mode": true, "description": "QTest quality assurance platform for test case management"}', 'active', '2025-07-22 10:59:57.012824', 'QTest'),
(18, 3, 'CI21324354', 'Jira', '{"base_url": "https://company.atlassian.net", "project_keys": ["SEC", "AUDIT", "COMP"], "api_version": "3", "max_results": 50, "issue_types": ["Bug", "Story", "Task", "Epic"], "demo_mode": true, "description": "Jira project management for security and compliance issues"}', 'active', '2025-07-22 10:59:57.012824', 'Jira'),
(20, NULL, 'CI21324354', 'ServiceNow', '{"instance_url": "https://company.service-now.com", "api_version": "v1", "tables": ["incident", "change_request", "service_request", "problem"], "max_records": 1000, "include_attachments": false, "demo_mode": true, "description": "ServiceNow ITSM platform for incident and service management"}', 'active', '2025-08-05 04:30:40.666667', 'ServiceNow');

-- =====================================================
-- DATA REQUESTS TABLE DATA
-- =====================================================
INSERT INTO data_requests (id, application_id, file_name, file_size, file_type, questions, total_questions, categories, subcategories, column_mappings, uploaded_at, file_path) VALUES
(2, 3, 'primary_20250721_114437_realistic_audit_questions.xlsx', 10277, 'primary', '[{"id": "Q1", "questionNumber": "0.1", "process": "General", "subProcess": "General", "question": "General"}, {"id": "Q2", "questionNumber": "0.2", "process": "General", "subProcess": "General", "question": "General"}, {"id": "Q3", "questionNumber": "0.3", "process": "General", "subProcess": "General", "question": "General"}, {"id": "Q4", "questionNumber": "0.4", "process": "General", "subProcess": "General", "question": "General"}, {"id": "Q5", "questionNumber": "0.5", "process": "General", "subProcess": "General", "question": "General"}, {"id": "Q6", "questionNumber": "0.6", "process": "General", "subProcess": "General", "question": "General"}, {"id": "Q7", "questionNumber": "0.7", "process": "General", "subProcess": "General", "question": "General"}, {"id": "Q8", "questionNumber": "1.1", "process": "Computer Operations", "subProcess": "Computer Operations", "question": "Computer Operations"}, {"id": "Q9", "questionNumber": "1.2", "process": "Computer Operations", "subProcess": "Computer Operations", "question": "Computer Operations"}, {"id": "Q10", "questionNumber": "1.3", "process": "Computer Operations", "subProcess": "Computer Operations", "question": "Computer Operations"}, {"id": "Q11", "questionNumber": "2.1", "process": "Database Management", "subProcess": "Database Management", "question": "Database Management"}, {"id": "Q12", "questionNumber": "2.2", "process": "Database Management", "subProcess": "Database Management", "question": "Database Management"}, {"id": "Q13", "questionNumber": "2.3", "process": "Database Management", "subProcess": "Database Management", "question": "Database Management"}, {"id": "Q14", "questionNumber": "3.1", "process": "Security Controls", "subProcess": "Security Controls", "question": "Security Controls"}, {"id": "Q15", "questionNumber": "3.2", "process": "Security Controls", "subProcess": "Security Controls", "question": "Security Controls"}, {"id": "Q16", "questionNumber": "3.3", "process": "Security Controls", "subProcess": "Security Controls", "question": "Security Controls"}, {"id": "Q17", "questionNumber": "4.1", "process": "Change Management", "subProcess": "Change Management", "question": "Change Management"}, {"id": "Q18", "questionNumber": "4.2", "process": "Change Management", "subProcess": "Change Management", "question": "Change Management"}, {"id": "Q19", "questionNumber": "4.3", "process": "Change Management", "subProcess": "Change Management", "question": "Change Management"}, {"id": "Q20", "questionNumber": "5.1", "process": "Backup & Recovery", "subProcess": "Backup & Recovery", "question": "Backup & Recovery"}]', 20, '["General", "Change Management", "Security Controls", "Computer Operations", "Backup & Recovery", "Database Management"]', '["General", "Change Management", "Security Controls", "Computer Operations", "Backup & Recovery", "Database Management"]', '{"questionNumber": "ID", "process": "Process", "subProcess": "Process", "question": "Process"}', '2025-07-21 11:44:37.896698', 'uploads/audit_3_Stark_G4_Q2CA2025/primary_20250721_114437_realistic_audit_questions.xlsx'),
(3, 3, 'followup_20250721_114537_followup_audit_questions.xlsx', 9189, 'followup', '[{"id": "Q1", "questionNumber": "F1.1", "process": "Follow-up General", "subProcess": "Documentation Review", "question": "Please provide additional documentation for any gaps identified in the initial assessment"}, {"id": "Q2", "questionNumber": "F1.2", "process": "Follow-up General", "subProcess": "Process Validation", "question": "Please validate the processes documented in the initial submission"}, {"id": "Q3", "questionNumber": "F1.3", "process": "Follow-up General", "subProcess": "Gap Analysis", "question": "Please provide analysis of any gaps between current state and required controls"}, {"id": "Q4", "questionNumber": "F2.1", "process": "Follow-up Security", "subProcess": "Security Assessment", "question": "Please provide additional security documentation based on initial findings"}, {"id": "Q5", "questionNumber": "F2.2", "process": "Follow-up Security", "subProcess": "Risk Evaluation", "question": "Please provide risk assessment documentation for identified vulnerabilities"}, {"id": "Q6", "questionNumber": "F3.1", "process": "Follow-up Operations", "subProcess": "Operational Review", "question": "Please provide additional operational procedures not covered in initial submission"}, {"id": "Q7", "questionNumber": "F3.2", "process": "Follow-up Operations", "subProcess": "Monitoring Assessment", "question": "Please provide enhanced monitoring procedures based on audit findings"}, {"id": "Q8", "questionNumber": "F3.3", "process": "Follow-up Operations", "subProcess": "Performance Analysis", "question": "Please provide performance metrics and KPIs for the reviewed processes"}]', 8, '["Follow-up Security", "Follow-up Operations", "Follow-up General"]', '["Performance Analysis", "Gap Analysis", "Security Assessment", "Risk Evaluation", "Documentation Review", "Monitoring Assessment", "Process Validation", "Operational Review"]', '{"questionNumber": "ID", "process": "Process", "subProcess": "Sub-process", "question": "Data Request"}', '2025-07-21 11:45:37.2825', 'uploads/audit_3_Stark_G4_Q2CA2025/followup_20250721_114537_followup_audit_questions.xlsx'),
(4, 5, 'primary_20250805_042007_sample_audit_questions.xlsx', 5476, 'primary', '[{"id": "Q1", "questionNumber": "1.1", "process": "Access Control", "subProcess": "User Authentication", "question": "What user authentication mechanisms are implemented?"}, {"id": "Q2", "questionNumber": "1.2", "process": "Access Control", "subProcess": "Role Management", "question": "How are user roles and permissions managed?"}, {"id": "Q3", "questionNumber": "2.1", "process": "Data Security", "subProcess": "Encryption", "question": "What encryption standards are used for data at rest?"}, {"id": "Q4", "questionNumber": "2.2", "process": "Data Security", "subProcess": "Data Classification", "question": "How is sensitive data classified and handled?"}, {"id": "Q5", "questionNumber": "3.1", "process": "Backup & Recovery", "subProcess": "Backup Procedures", "question": "What backup procedures are in place?"}, {"id": "Q6", "questionNumber": "3.2", "process": "Backup & Recovery", "subProcess": "Recovery Testing", "question": "How often is recovery testing performed?"}, {"id": "Q7", "questionNumber": "F1.1", "process": "Incident Response", "subProcess": "Incident Detection", "question": "What incident detection systems are implemented?"}, {"id": "Q8", "questionNumber": "F1.2", "process": "Incident Response", "subProcess": "Response Planning", "question": "What incident response procedures are documented?"}]', 8, '["Data Security", "Incident Response", "Access Control", "Backup & Recovery"]', '["Incident Detection", "Recovery Testing", "Response Planning", "Backup Procedures", "Role Management", "Data Classification", "Encryption", "User Authentication"]', '{"questionNumber": "Question Number", "process": "Process", "subProcess": "Sub-Process", "question": "Question"}', '2025-08-05 04:20:07.834429', 'uploads/audit_5_Security_Compliance_Review_2025/primary_20250805_042007_sample_audit_questions.xlsx'),
(5, 7, 'primary_20250805_044137_sample_audit_questions.xlsx', 5476, 'primary', '[{"id": "Q1", "questionNumber": "1.1", "process": "Access Control", "subProcess": "User Authentication", "question": "What user authentication mechanisms are implemented?"}, {"id": "Q2", "questionNumber": "1.2", "process": "Access Control", "subProcess": "Role Management", "question": "How are user roles and permissions managed?"}, {"id": "Q3", "questionNumber": "2.1", "process": "Data Security", "subProcess": "Encryption", "question": "What encryption standards are used for data at rest?"}, {"id": "Q4", "questionNumber": "2.2", "process": "Data Security", "subProcess": "Data Classification", "question": "How is sensitive data classified and handled?"}, {"id": "Q5", "questionNumber": "3.1", "process": "Backup & Recovery", "subProcess": "Backup Procedures", "question": "What backup procedures are in place?"}, {"id": "Q6", "questionNumber": "3.2", "process": "Backup & Recovery", "subProcess": "Recovery Testing", "question": "How often is recovery testing performed?"}, {"id": "Q7", "questionNumber": "F1.1", "process": "Incident Response", "subProcess": "Incident Detection", "question": "What incident detection systems are implemented?"}, {"id": "Q8", "questionNumber": "F1.2", "process": "Incident Response", "subProcess": "Response Planning", "question": "What incident response procedures are documented?"}]', 8, '["Backup & Recovery", "Incident Response", "Access Control", "Data Security"]', '["Backup Procedures", "Data Classification", "Role Management", "Response Planning", "Incident Detection", "User Authentication", "Encryption", "Recovery Testing"]', '{"questionNumber": "Question Number", "process": "Process", "subProcess": "Sub-Process", "question": "Question"}', '2025-08-05 04:41:37.333611', 'uploads/audit_7_CA-2025-Q2-IMPALA2/primary_20250805_044137_sample_audit_questions.xlsx'),
(6, 8, 'primary_20250805_045444_sample_audit_questions.xlsx', 5476, 'primary', '[{"id": "Q1", "questionNumber": "1.1", "process": "Access Control", "subProcess": "User Authentication", "question": "What user authentication mechanisms are implemented?"}, {"id": "Q2", "questionNumber": "1.2", "process": "Access Control", "subProcess": "Role Management", "question": "How are user roles and permissions managed?"}, {"id": "Q3", "questionNumber": "2.1", "process": "Data Security", "subProcess": "Encryption", "question": "What encryption standards are used for data at rest?"}, {"id": "Q4", "questionNumber": "2.2", "process": "Data Security", "subProcess": "Data Classification", "question": "How is sensitive data classified and handled?"}, {"id": "Q5", "questionNumber": "3.1", "process": "Backup & Recovery", "subProcess": "Backup Procedures", "question": "What backup procedures are in place?"}, {"id": "Q6", "questionNumber": "3.2", "process": "Backup & Recovery", "subProcess": "Recovery Testing", "question": "How often is recovery testing performed?"}, {"id": "Q7", "questionNumber": "F1.1", "process": "Incident Response", "subProcess": "Incident Detection", "question": "What incident detection systems are implemented?"}, {"id": "Q8", "questionNumber": "F1.2", "process": "Incident Response", "subProcess": "Response Planning", "question": "What incident response procedures are documented?"}]', 8, '["Data Security", "Backup & Recovery", "Incident Response", "Access Control"]', '["User Authentication", "Data Classification", "Encryption", "Role Management", "Recovery Testing", "Response Planning", "Backup Procedures", "Incident Detection"]', '{"questionNumber": "Question Number", "process": "Process", "subProcess": "Sub-Process", "question": "Question"}', '2025-08-05 04:54:44.217319', 'uploads/audit_8_Impala2-CA-Q22025/primary_20250805_045444_sample_audit_questions.xlsx'),
(7, 9, 'primary_20250806_035151_SAMPLE_Primary_Audit_Questions_Enhanced.xlsx', 6732, 'primary', '[{"id": "Q1", "questionNumber": "PQ001", "process": "Access Controls", "subProcess": "User Management", "question": "Review all active Database Admin users and their recent access patterns. Cross-reference with change management records to verify authorized activities."}, {"id": "Q2", "questionNumber": "PQ002", "process": "Access Controls", "subProcess": "Privileged Access", "question": "Identify all users with Security_Admin roles across SQL Server and Oracle systems. Verify their access is documented and approved."}, {"id": "Q3", "questionNumber": "PQ003", "process": "Change Management", "subProcess": "System Changes", "question": "Analyze all change requests related to database configuration and security settings. Verify proper approval workflow and testing procedures."}, {"id": "Q4", "questionNumber": "PQ004", "process": "Access Controls", "subProcess": "Failed Access Attempts", "question": "Review failed access attempts in system logs. Identify patterns and verify appropriate response procedures were followed."}, {"id": "Q5", "questionNumber": "PQ005", "process": "Documentation", "subProcess": "System Architecture", "question": "Verify current system design documentation aligns with implemented security controls and compliance requirements."}, {"id": "Q6", "questionNumber": "PQ006", "process": "Change Management", "subProcess": "Issue Resolution", "question": "Review critical and high-priority issues reported in issue tracking system. Verify timely resolution and proper documentation."}, {"id": "Q7", "questionNumber": "PQ007", "process": "Access Controls", "subProcess": "Permissions Audit", "question": "Conduct comprehensive review of user permissions across all database systems. Identify any excessive or inappropriate access rights."}, {"id": "Q8", "questionNumber": "PQ008", "process": "Quality Assurance", "subProcess": "Test Results", "question": "Review all security and compliance test results from the quality assurance system. Verify all critical tests passed and any failures were properly addressed."}, {"id": "Q9", "questionNumber": "PQ009", "process": "Documentation", "subProcess": "Policy Compliance", "question": "Review all current policies, procedures, and standards documentation. Verify compliance with regulatory requirements and internal standards."}, {"id": "Q10", "questionNumber": "PQ010", "process": "Incident Management", "subProcess": "Security Incidents", "question": "Review all security-related incidents and service requests. Verify proper handling, documentation, and resolution according to established procedures."}, {"id": "Q11", "questionNumber": "PQ011", "process": "Change Management", "subProcess": "Emergency Changes", "question": "Review all emergency change requests and their impact on system security. Verify proper authorization and post-implementation review."}, {"id": "Q12", "questionNumber": "PQ012", "process": "Quality Assurance", "subProcess": "Compliance Testing", "question": "Review compliance testing procedures and results. Verify all regulatory and internal compliance requirements are being met through systematic testing."}, {"id": "Q13", "questionNumber": "PQ013", "process": "Documentation", "subProcess": "Security Documentation", "question": "Review security documentation including policies, procedures, and technical specifications. Verify documentation is current, complete, and properly maintained."}, {"id": "Q14", "questionNumber": "PQ014", "process": "Incident Management", "subProcess": "Change-Related Issues", "question": "Review all incidents and problems related to system changes. Verify proper change management processes are preventing incidents and enabling quick resolution."}]', 14, '["Quality Assurance", "Documentation", "Incident Management", "Access Controls", "Change Management"]', '["User Management", "Privileged Access", "System Changes", "Failed Access Attempts", "System Architecture", "Issue Resolution", "Permissions Audit", "Test Results", "Policy Compliance", "Security Incidents", "Emergency Changes", "Compliance Testing", "Security Documentation", "Change-Related Issues"]', '{"questionNumber": "Question ID", "process": "Process", "subProcess": "Sub-Process", "question": "Question"}', '2025-08-06 03:51:51.878127', 'uploads/audit_9_CA-2025-Q2-IMP/primary_20250806_035151_SAMPLE_Primary_Audit_Questions_Enhanced.xlsx'),
(8, 9, 'followup_20250807_010429_SAMPLE_Followup_Audit_Questions_Enhanced_1.xlsx', 4892, 'followup', '[{"id": "Q1", "questionNumber": "FQ001", "process": "Follow-up Access Controls", "subProcess": "Enhanced User Review", "question": "Based on primary audit findings, provide detailed analysis of user access patterns and any anomalies identified. Include recommendations for access optimization."}, {"id": "Q2", "questionNumber": "FQ002", "process": "Follow-up Change Management", "subProcess": "Process Improvement", "question": "Based on change management review, provide analysis of process effectiveness and recommendations for improvement. Include metrics on change success rates."}, {"id": "Q3", "questionNumber": "FQ003", "process": "Follow-up Documentation", "subProcess": "Gap Remediation", "question": "Based on documentation review, provide updated documentation for any identified gaps. Include verification of regulatory compliance alignment."}, {"id": "Q4", "questionNumber": "FQ004", "process": "Follow-up Quality Assurance", "subProcess": "Enhanced Testing", "question": "Based on QA findings, provide enhanced testing procedures and results. Include analysis of test coverage and effectiveness metrics."}, {"id": "Q5", "questionNumber": "FQ005", "process": "Follow-up Incident Management", "subProcess": "Process Analysis", "question": "Based on incident review, provide analysis of incident trends and response effectiveness. Include recommendations for process optimization."}, {"id": "Q6", "questionNumber": "FQ006", "process": "Follow-up Security", "subProcess": "Risk Assessment", "question": "Based on security findings, provide comprehensive risk assessment and mitigation strategies. Include updated security posture analysis."}, {"id": "Q7", "questionNumber": "FQ007", "process": "Follow-up Compliance", "subProcess": "Regulatory Alignment", "question": "Based on compliance review, provide verification of regulatory alignment and any required corrective actions. Include compliance roadmap updates."}]', 7, '["Follow-up Quality Assurance", "Follow-up Security", "Follow-up Documentation", "Follow-up Incident Management", "Follow-up Change Management", "Follow-up Access Controls", "Follow-up Compliance"]', '["Enhanced User Review", "Process Improvement", "Gap Remediation", "Enhanced Testing", "Process Analysis", "Risk Assessment", "Regulatory Alignment"]', '{"questionNumber": "Question ID", "process": "Process", "subProcess": "Sub-Process", "question": "Question"}', '2025-08-07 01:04:29.746728', 'uploads/audit_9_CA-2025-Q2-IMP/followup_20250807_010429_SAMPLE_Followup_Audit_Questions_Enhanced_1.xlsx');

-- =====================================================
-- QUESTION ANALYSES TABLE DATA (Sample - too much data for full dump)
-- =====================================================
INSERT INTO question_analyses (id, application_id, question_id, original_question, category, subcategory, ai_prompt, tool_suggestion, connector_reason, connector_to_use, created_at, connector_id) VALUES
(94, 5, 'Q1-0', 'What user authentication mechanisms are implemented?', 'Access Control', 'User Authentication', 'Execute comprehensive data collection for audit question: What user authentication mechanisms are implemented?. Search sql_server system for relevant records, analyze data patterns, and compile detailed findings with specific evidence and metrics.', 'sql_server', 'Selected sql_server based on question content analysis', 'sql_server', '2025-08-05 04:36:58.623998', NULL),
(95, 5, 'Q2-1', 'How are user roles and permissions managed?', 'Access Control', 'Role Management', 'Execute comprehensive data collection for audit question: How are user roles and permissions managed?. Search sql_server system for relevant records, analyze data patterns, and compile detailed findings with specific evidence and metrics.', 'sql_server', 'Selected sql_server based on question content analysis', 'sql_server', '2025-08-05 04:36:58.623998', NULL),
(96, 5, 'Q3-2', 'What encryption standards are used for data at rest?', 'Data Security', 'Encryption', 'Execute comprehensive data collection for audit question: What encryption standards are used for data at rest?. Search sql_server system for relevant records, analyze data patterns, and compile detailed findings with specific evidence and metrics.', 'sql_server', 'Selected sql_server based on question content analysis', 'sql_server', '2025-08-05 04:36:58.623998', NULL);

-- =====================================================
-- DATA COLLECTION SESSIONS TABLE DATA (Empty)
-- =====================================================
-- No data in data_collection_sessions table

-- =====================================================
-- QUESTION ANSWERS TABLE DATA (Sample)
-- =====================================================
INSERT INTO question_answers (id, application_id, question_id, answer, findings, risk_level, compliance_status, data_points, execution_details, created_at, updated_at) VALUES
(1, 3, 'Q1-8', 'Comprehensive audit analysis completed using 1 data sources. Analyzed 0 data points across sql_server. Overall compliance posture is satisfactory.', '[{"tool": "sql_server", "details": "Data collection completed but no matching records were identified.", "finding": "No relevant data found in sql_server", "severity": "Info"}]', 'Low', 'Compliant', 17, '{"source": "SQL Server DB", "timestamp": "2025-08-05T13:00:15.583Z", "toolsUsed": ["sql_server"]}', '2025-08-05 12:41:36.09767', '2025-08-05 13:00:31.369198'),
(2, 3, 'Q11-18', 'Comprehensive audit analysis completed using 1 data sources. Analyzed 0 data points across sql_server. Overall compliance posture is satisfactory.', '[{"tool": "sql_server", "details": "Data collection completed but no matching records were identified.", "finding": "No relevant data found in sql_server", "severity": "Info"}]', 'Low', 'Compliant', 42, '{"source": "SQL Server DB", "timestamp": "2025-08-05T13:00:17.343Z", "toolsUsed": ["sql_server"]}', '2025-08-05 12:41:36.126276', '2025-08-05 13:00:31.371412'),
(3, 3, 'Q10-17', 'Comprehensive audit analysis completed using 1 data sources. Analyzed 0 data points across sql_server. Overall compliance posture is satisfactory.', '[{"tool": "sql_server", "details": "Data collection completed but no matching records were identified.", "finding": "No relevant data found in sql_server", "severity": "Info"}]', 'Low', 'Compliant', 17, '{"source": "SQL Server DB", "timestamp": "2025-08-05T13:00:17.335Z", "toolsUsed": ["sql_server"]}', '2025-08-05 12:41:36.137417', '2025-08-05 13:00:31.384553');

-- =====================================================
-- AGENT EXECUTIONS TABLE DATA (Sample)
-- =====================================================
INSERT INTO agent_executions (id, application_id, question_id, tool_type, connector_id, prompt, result, status, created_at, tool_used, execution_details) VALUES
(1, 3, 'Q1', 'sql_server', 1, 'Execute comprehensive data collection for audit question: Database Management', '{"executionId": "EXEC_1754396403_2475", "questionId": "Q1", "originalQuestion": "Unknown Question", "toolsUsed": ["sql_server"], "startTime": "2025-08-05T12:20:03.888084", "endTime": "2025-08-05T12:20:04.742633", "duration": 0.854551, "collectedData": {"sql_server": []}, "findings": [{"tool": "sql_server", "finding": "No relevant data found in sql_server", "severity": "Info", "details": "Data collection completed but no matching records were identified."}], "analysis": {"executiveSummary": "Comprehensive audit analysis completed using 1 data sources. Analyzed 0 data points across sql_server. Overall compliance posture is satisfactory.", "riskLevel": "Low", "complianceStatus": "Compliant", "totalDataPoints": 0, "toolsAnalyzed": 1, "findingsSummary": {"total": 1, "by_severity": {"Info": 1}}, "recommendations": ["Continue regular monitoring and assessment", "Update documentation to reflect current state"], "nextReviewDate": "2025-11-05", "confidence": 0.9279378927654324}, "status": "completed", "dataPoints": 0, "riskLevel": "Low", "complianceStatus": "Compliant"}', 'completed', '2025-08-05 12:20:03.816759', NULL, '{"duration": 0.854551, "findings": [{"tool": "sql_server", "details": "Data collection completed but no matching records were identified.", "finding": "No relevant data found in sql_server", "severity": "Info"}], "dataPoints": 0}');

-- =====================================================
-- AUDIT RESULTS TABLE DATA (Empty)
-- =====================================================
-- No data in audit_results table

-- =====================================================
-- VERITAS CONVERSATIONS TABLE DATA (Sample)
-- =====================================================
INSERT INTO veritas_conversations (id, conversation_id, ci_id, audit_id, audit_name, message, response, tools_used, timestamp) VALUES
(1, 'conv_CI21324354_1754489513', 'CI21324354', 9, 'Test Audit', 'What user access controls are implemented in the SQL Server database?', 'I don''t have access to tool data for CI CI21324354. Please ensure the tool folders are properly set up.', '[]', '2025-08-06 14:11:56.465935'),
(2, 'conv_CI21324354_1754489545', 'CI21324354', 9, 'Test Audit', 'What user access controls are implemented in the SQL Server database?', 'To assess the user access controls implemented in the SQL Server database, we need to examine the roles, permissions, and access logs. Here''s a general approach to understanding the user access controls: 1. **User Roles and Permissions**: - Review the roles defined in the SQL Server database. Roles typically include permissions that define what actions a user can perform. - Check for any custom roles that may have been created to meet specific access requirements.', '[]', '2025-08-06 14:12:25.700366'),
(6, 'conv_CI21324354_1754489679', 'CI21324354', 9, 'Test Audit', 'What user access controls are implemented in the SQL Server database?', 'To assess the user access controls implemented in the SQL Server database, we can refer to the "User_Role.xlsx" file from the SQL Server data. This file provides insights into user roles, last login details, and status, which are critical components of access control.', '["sql_server", "oracle_db"]', '2025-08-06 14:14:39.611522'),
(7, 'conv_CI21324354_1754489685', 'CI21324354', 9, 'Test Audit', 'What user roles are in the SQL Server database?', 'To determine the user roles in the SQL Server database, we can refer to the "User_Role.xlsx" file from the SQL Server data. Here are the roles identified: 1. **Administrator** 2. **Data Analyst** 3. **Researcher** 4. **Guest** 5. **IT Support**', '["sql_server", "oracle_db"]', '2025-08-06 14:14:46.013972');

-- =====================================================
-- END OF DATABASE DUMP
-- =====================================================

-- Reset sequences to match current data
SELECT setval('applications_id_seq', (SELECT MAX(id) FROM applications));
SELECT setval('tool_connectors_id_seq', (SELECT MAX(id) FROM tool_connectors));
SELECT setval('data_requests_id_seq', (SELECT MAX(id) FROM data_requests));
SELECT setval('question_analyses_id_seq', (SELECT MAX(id) FROM question_analyses));
SELECT setval('question_answers_id_seq', (SELECT MAX(id) FROM question_answers));
SELECT setval('agent_executions_id_seq', (SELECT MAX(id) FROM agent_executions));
SELECT setval('veritas_conversations_id_seq', (SELECT MAX(id) FROM veritas_conversations));